[
  {
    "id": 1,
    "text": "The system shall allow users to authenticate using username and password. Authentication must be completed within 30 seconds of submission.",
    "page": 5,
    "section": "3.1 Authentication Requirements"
  },
  {
    "id": 2,
    "text": "User passwords must be at least 8 characters long and contain at least one uppercase letter, one lowercase letter, and one number.",
    "page": 5,
    "section": "3.1.1 Password Policy"
  },
  {
    "id": 3,
    "text": "After three failed login attempts, the system shall lock the user account for 15 minutes.",
    "page": 6,
    "section": "3.1.2 Account Lockout Policy"
  },
  {
    "id": 4,
    "text": "The system shall support password reset functionality via email verification. Reset links expire after 24 hours.",
    "page": 7,
    "section": "3.1.3 Password Reset"
  },
  {
    "id": 5,
    "text": "All user sessions shall timeout after 30 minutes of inactivity. Users must re-authenticate to continue.",
    "page": 8,
    "section": "3.2 Session Management"
  },
  {
    "id": 6,
    "text": "The system shall encrypt all sensitive data using AES-256 encryption before storage.",
    "page": 12,
    "section": "4.1 Data Encryption"
  },
  {
    "id": 7,
    "text": "User data exports shall be available in CSV and Excel formats. Exports must complete within 5 minutes for datasets up to 10,000 records.",
    "page": 15,
    "section": "4.2 Data Export"
  }
]

